,YearsExperience,Salary
count,30.0,30.0
mean,5.3133333333333335,76003.0
std,2.8378881576627184,27414.4297845823
min,1.1,37731.0
25%,3.2,56720.75
50%,4.7,65237.0
75%,7.7,100544.75
max,10.5,122391.0
